thermalexpansion	https://static.wixstatic.com/media/67d9bf_9b04b1b9534a4d95a24162ba3b742e73~mv2.jpeg
thermalexpansion	https://static.wixstatic.com/media/67d9bf_585a18cad8c24dc1b024f1186ab53e1b~mv2.jpeg
thermalexpansion	https://static.wixstatic.com/media/67d9bf_38af110647664beba2cce91584fe3305~mv2.jpeg
thermalexpansion	https://static.wixstatic.com/media/67d9bf_6236b8b16bca45d5bde6721647637cd1~mv2.jpeg
thermalexpansion	https://static.wixstatic.com/media/67d9bf_5df859f46f1745df810904c61c38177a~mv2.jpeg
thermalexpansion	https://static.wixstatic.com/media/67d9bf_5d5c5967067640ed8ddd3ce877047266~mv2.jpeg
thermalexpansion	https://static.wixstatic.com/media/67d9bf_422c0f236948411a8ad2e5426f9c6c90~mv2.jpeg
thermalexpansion	https://static.wixstatic.com/media/67d9bf_b9b05f59d3364da2a1b546101a15add6~mv2.jpeg
thermalexpansion	https://static.wixstatic.com/media/67d9bf_d26a70c9afb74fb694ecb8e03aec7cce~mv2.jpeg
thermalexpansion	https://static.wixstatic.com/media/67d9bf_01120851ffe34cab99c389b46e54d09b~mv2.png
thermalexpansion	https://static.wixstatic.com/media/67d9bf_f97e3efd83cb4704bf857e92855f7680~mv2.jpeg
thermalexpansion	https://static.wixstatic.com/media/67d9bf_44629b601af243e2b0f38a7a232995de~mv2.jpeg
thermalexpansion	https://static.wixstatic.com/media/67d9bf_dffc8309e2ba46d1884c0d3deef48b22~mv2.jpeg
thermalexpansion	https://static.wixstatic.com/media/67d9bf_07922665a020445082d902c7dc3a66c7~mv2.jpeg
thermalexpansion	https://static.wixstatic.com/media/67d9bf_8e0a6e27b6554934a502e865e5af2e37~mv2.jpeg
thermalexpansion	https://static.wixstatic.com/media/67d9bf_81e38017a74346e3a408cf3e1e220157~mv2.jpeg
thermalexpansion	https://static.wixstatic.com/media/67d9bf_7221f7b3e6724940a9fe6997c6de66b5~mv2.jpeg
heatrejectioncfd	https://static.wixstatic.com/media/67d9bf_50966fd3670d444fa792ea7daa26b1df~mv2.png
heatrejectioncfd	https://static.wixstatic.com/media/67d9bf_d12e34a7ae96475181252b04a7964c3a~mv2.jpg
heatrejectioncfd	https://static.wixstatic.com/media/67d9bf_613bd86ba56b4c4687dae6fb1bc1e6c0~mv2.jpg
heatrejectioncfd	https://static.wixstatic.com/media/67d9bf_1582175ac05243cca85e2cedf3b1bbe9~mv2.jpg
heatrejectioncfd	https://static.wixstatic.com/media/67d9bf_3d90bf8a96e7472a8b97dd98a4e9beae~mv2.jpg
heatrejectioncfd	https://static.wixstatic.com/media/67d9bf_b65d64218bd04f85824a8e8ae2539379~mv2.jpg
heatrejectioncfd	https://static.wixstatic.com/media/67d9bf_d5f052ae116f4fccaee221c05ad5da55~mv2.png
heatrejectioncfd	https://static.wixstatic.com/media/67d9bf_4a26599b42644952867386847e99dd8d~mv2.jpg
heatrejectioncfd	https://static.wixstatic.com/media/67d9bf_2d102932c5c147818f2be2b764c9b3fe~mv2.jpg
heatrejectioncfd	https://static.wixstatic.com/media/67d9bf_87e26b8a595b497db0ac5f356b21e147~mv2.jpg
heatrejectioncfd	https://static.wixstatic.com/media/67d9bf_f166975b8dcd4b098f6e1528afc8660b~mv2.jpg
heatrejectioncfd	https://static.wixstatic.com/media/67d9bf_4c22ee2d6ae646e5a898c9f456d7417e~mv2.jpg
heatrejectioncfd	https://static.wixstatic.com/media/67d9bf_e936c0868d1244aeb0830f10cd6813ce~mv2.jpg
heatrejectioncfd	https://static.wixstatic.com/media/67d9bf_d9e4f9c6a4d0494691335d5b51b23a22~mv2.jpg
heatrejectioncfd	https://static.wixstatic.com/media/67d9bf_956a71dbcdc548338119978a8b86eab4~mv2.jpg
heatrejectioncfd	https://static.wixstatic.com/media/67d9bf_8df21499993841069072169a0b3f3ff2~mv2.jpg
heatrejectioncfd	https://static.wixstatic.com/media/67d9bf_cc042ca8759e4713ae13a28c0fb07c8d~mv2.jpg
heatrejectioncfd	https://static.wixstatic.com/media/67d9bf_d9e82e0ebfc84b9984f68a5eb17bae55~mv2.jpg
__apm	https://static.wixstatic.com/media/67d9bf_f3b01352f63843389db2dcf13492f897~mv2.jpeg
__apm	https://static.wixstatic.com/media/67d9bf_c0e36f06382641518024db036a1a0fa3~mv2.jpeg
__apm	https://static.wixstatic.com/media/67d9bf_9a9d4bee34954c3b993ebd37ce3d6553~mv2.jpg
__apm	https://static.wixstatic.com/media/67d9bf_a593968150a74c47adaffb95e1876df3~mv2.jpg
chiron-300	https://static.wixstatic.com/media/67d9bf_0f08e5c3f19d46859d76d5af0eec9caf~mv2.png
chiron-300	https://static.wixstatic.com/media/67d9bf_3ccab8c0cb2e47fe8c2619a3d5c5ec89~mv2.jpg
vortices	https://static.wixstatic.com/media/67d9bf_2545d052cc484bb69ebed49e4af9471b~mv2.jpg
vortices	https://static.wixstatic.com/media/67d9bf_a7d839678f4342a6b4ac274b3f9b9b73~mv2.png
vortices	https://video.wixstatic.com/video/67d9bf_a21838dbf38143758336c9c83599716b/360p/mp4/file.mp4
weight-transfer	https://static.wixstatic.com/media/67d9bf_b1f0d8fc0cf0482bad4855b2ee1709d6~mv2.jpg
weight-transfer	https://static.wixstatic.com/media/67d9bf_7cd88eb063f6451d9733fb3209fa0cbd~mv2.jpg
weight-transfer	https://static.wixstatic.com/media/67d9bf_fe18d71f7adb4258b66d4973b9fd63cd~mv2.jpg
mercedesdas	https://video.wixstatic.com/video/67d9bf_e1186292850b465a96b8997e1ec25c00/720p/mp4/file.mp4
mercedesdas	https://static.wixstatic.com/media/67d9bf_76da12123ece47a9bd8e0020b6bd8c27~mv2.jpg
rearwingcfd	https://static.wixstatic.com/media/67d9bf_496c58a585534d60a069f0301280a830~mv2.png
rearwingcfd	https://static.wixstatic.com/media/67d9bf_52e03841a97d43e29229996c61d9af2c~mv2.png
rearwingcfd	https://static.wixstatic.com/media/67d9bf_7fff6afc05464644a17f4e25823887cd~mv2.png
rearwingcfd	https://static.wixstatic.com/media/67d9bf_7c7cafb0a4044b3bb6ee9762465adc69~mv2.jpg
rearwingcfd	https://static.wixstatic.com/media/67d9bf_da9442438c624e1c986883eacf8bba37~mv2.png
rearwingcfd	https://static.wixstatic.com/media/67d9bf_68d13b45f3a4437ab9ed4f68fe193cf9~mv2.png
rearwingcfd	https://static.wixstatic.com/media/67d9bf_3bb202bce79e4894b282507d26a816d4~mv2.png
rearwingcfd	https://static.wixstatic.com/media/67d9bf_b78e20ada89747ad940b63992ae6b6b4~mv2.png
rearwingcfd	https://static.wixstatic.com/media/67d9bf_8e367beaf9c2420ba0d621ee3097fde6~mv2.png
rearwingcfd	https://static.wixstatic.com/media/67d9bf_138808b7ab5d411c8d4b075dc6865ee5~mv2.png
rearwingcfd	https://static.wixstatic.com/media/67d9bf_dc118882ae92456db1f9e4b1a7dd4ff9~mv2.png
rearwingcfd	https://static.wixstatic.com/media/67d9bf_7fe51774952e4e65bc3de20575af7a58~mv2.jpg
rearwingcfd	https://static.wixstatic.com/media/67d9bf_9125d41053fb477f84a7283b24f88861~mv2.png
rearwingcfd	https://static.wixstatic.com/media/67d9bf_10340fe7901249bf88fee763776b0248~mv2.png
rearwingcfd	https://static.wixstatic.com/media/67d9bf_f9b88f898903478b9a497bf248169886~mv2.png
rearwingcfd	https://static.wixstatic.com/media/67d9bf_7dfb8cb2769843798274c8a35c37ed55~mv2.jpg
rearwingcfd	https://static.wixstatic.com/media/67d9bf_8d2c64da33544d31841a674737d2e9ba~mv2.jpg
rearwingcfd	https://static.wixstatic.com/media/67d9bf_3377e10664b4472b902692be40d51f2d~mv2.jpg
rearwingcfd	https://static.wixstatic.com/media/67d9bf_96e9ea3444d54ad09c27c70c9629ba6f~mv2.jpg
rearwingcfd	https://static.wixstatic.com/media/67d9bf_3b33d12843c844c18a60811c89ff778d~mv2.jpg
rearwingcfd	https://static.wixstatic.com/media/67d9bf_a181a27183304627b846d0e05887ee8c~mv2.jpg
rearwingcfd	https://static.wixstatic.com/media/67d9bf_42d6f8342c2d4f178c46bcf46208e8af~mv2.jpg
rearwingcfd	https://static.wixstatic.com/media/67d9bf_b6d6f3d711794399ba6416a4657566f0~mv2.jpg
rearwingcfd	https://static.wixstatic.com/media/67d9bf_62e66d369e9f4fd0a8cf850bfdaa4cbb~mv2.jpg
rearwingcfd	https://static.wixstatic.com/media/67d9bf_7e4dc9756a2748fca9380620187ae38a~mv2.jpg
rearwingcfd	https://static.wixstatic.com/media/67d9bf_ff4aad0ad224484ca50c552d53c3d31f~mv2.png
rearwingcfd	https://static.wixstatic.com/media/67d9bf_5b2b39378e2c4ce7963b33d5274af4c1~mv2.png
rearwingcfd	https://static.wixstatic.com/media/67d9bf_ecdb9c1ad69b42428cbe15bb209a8801~mv2.jpg
rearwingcfd	https://static.wixstatic.com/media/67d9bf_1c8c3745df384b2cb6e18041f4b781af~mv2.jpg
rearwingcfd	https://static.wixstatic.com/media/67d9bf_a4b0556ec0dc43c39783ba2175e30cf7~mv2.jpg
rearwingcfd	https://static.wixstatic.com/media/67d9bf_13924b506dca4310ab2e2613a4b8d0e7~mv2.png
rearwingcfd	https://static.wixstatic.com/media/67d9bf_374cc7baaa9e461d8cfc444e8f84eac0~mv2.jpg
rearwingcfd	https://static.wixstatic.com/media/67d9bf_2b4163cdc0c442829e9e33a1801a634f~mv2.png
rearwingcfd	https://static.wixstatic.com/media/67d9bf_ee5009494c364377830966c050a39a60~mv2.jpg
rearwingcfd	https://static.wixstatic.com/media/67d9bf_5f4f9429f55640de989885eadec6b668~mv2.jpg
rearwingcfd	https://static.wixstatic.com/media/67d9bf_acbd44e6530f44fc9a4a77541c1f9309~mv2.jpg
rearwingcfd	https://static.wixstatic.com/media/67d9bf_53a689c2fd274ed4b933b894f4bc5b02~mv2.png
rearwingcfd	https://static.wixstatic.com/media/67d9bf_cfe6257f1b794c41ab888fffcf681c50~mv2.png
vehicle-dynamics-rce	https://static.wixstatic.com/media/67d9bf_ddcc6381c6834a0fa84bd13d8003a020~mv2.jpg
vehicle-dynamics-rce	https://static.wixstatic.com/media/67d9bf_6427e6fec7a541c8bc1c43b9cfe3fc39~mv2.jpg
vehicle-dynamics-rce	https://static.wixstatic.com/media/67d9bf_7c8f2f3cecb14b48a8e9f39ef3d2dda8~mv2.jpg
vehicle-dynamics-rce	https://static.wixstatic.com/media/67d9bf_fe44dacc92cd4c8e8a4d33e0dff95dc9~mv2.jpg
vehicle-dynamics-rce	https://static.wixstatic.com/media/67d9bf_07e37a3ba0f644568419f82002ad7ed4~mv2.jpg
vehicle-dynamics-rce	https://static.wixstatic.com/media/67d9bf_6d10e16a2df24287b7d9016be99b2737~mv2.jpeg
vehicle-dynamics-rce	https://static.wixstatic.com/media/67d9bf_3745aac16bec4eeb9a3da8398cf49630~mv2.jpg
chassis-balance	https://static.wixstatic.com/media/67d9bf_bdc34216e8ed445fbdabae95c35ced52~mv2.jpg
chassis-balance	https://static.wixstatic.com/media/67d9bf_41ed05b7152e47528c0ab9524ae2c806~mv2.png
chassis-balance	https://static.wixstatic.com/media/67d9bf_2032d0e532894d249e6360b038d4a712~mv2.png
chassis-balance	https://static.wixstatic.com/media/67d9bf_e3473b40d1314f258f03bfdc76971cce~mv2.jpg
chassis-balance	https://static.wixstatic.com/media/67d9bf_fa129c1bcdca449fa36269f0bd8502d6~mv2.jpg
chassis-balance	https://static.wixstatic.com/media/67d9bf_f9c6185658064505b187dadc86152143~mv2.jpg
chassis-balance	https://static.wixstatic.com/media/67d9bf_af5eaa9cf25b499d886607a4b3219cda~mv2.png
chassis-balance	https://static.wixstatic.com/media/67d9bf_06aef593d7de49b48b19d121bfd98012~mv2.jpg
lift-theory	https://static.wixstatic.com/media/67d9bf_4119b2bcfb374f649dce4d3f939a8572~mv2.jpg
lift-theory	https://static.wixstatic.com/media/67d9bf_4fb27bc0c4f64a17a8cd05b8bb343359~mv2.jpg
lift-theory	https://static.wixstatic.com/media/67d9bf_abb02061fc214d308420b56d432a7165~mv2.gif
lift-theory	https://static.wixstatic.com/media/67d9bf_36035a4c863841628bff154d49ab57da~mv2.jpg
lift-theory	https://video.wixstatic.com/video/67d9bf_69f5e7e59d1343eba6b0d41304fc2208/1080p/mp4/file.mp4
lift-theory	https://video.wixstatic.com/video/67d9bf_5c6cf36bed914d11bade31edb0c19bf3/1080p/mp4/file.mp4
lift-theory	https://video.wixstatic.com/video/67d9bf_7df3f94872c043e182456a33cf4b015e/1080p/mp4/file.mp4
lap-time-simulation	https://static.wixstatic.com/media/67d9bf_e2a76f8b818d484a97257052a02063c6~mv2.jpg
lap-time-simulation	https://static.wixstatic.com/media/67d9bf_429cbf796b494da7ac56accfa5643e35~mv2.jpg
lap-time-simulation	https://static.wixstatic.com/media/67d9bf_73499126b341445fba8acc9b2fb588f6~mv2.jpg
lap-time-simulation	https://static.wixstatic.com/media/67d9bf_edf9312345a34e99a0ba9442f34914fa~mv2.jpg
lap-time-simulation	https://static.wixstatic.com/media/67d9bf_1a6dba4a8bba4c50b9f73eb86271011b~mv2.jpg
lap-time-simulation	https://static.wixstatic.com/media/67d9bf_da6aa1841b3a4400bad52762df99d308~mv2.jpg
lap-time-simulation	https://static.wixstatic.com/media/67d9bf_67727529ca944f58a94dc4ff2e87d58f~mv2.jpg
lap-time-simulation	https://static.wixstatic.com/media/67d9bf_81bc58f560ef47e9a8d588d49fede298~mv2.jpg
lap-time-simulation	https://static.wixstatic.com/media/67d9bf_74ddd891a59245a8a680cb8d10e65948~mv2.jpg
lap-time-simulation	https://static.wixstatic.com/media/67d9bf_9577a1cd12924ca5b809e7ad9a98628a~mv2.jpg
lap-time-simulation	https://static.wixstatic.com/media/67d9bf_44cc5f882c0d4ccaa3b8abbc01f6cd7c~mv2.jpg
lap-time-simulation	https://static.wixstatic.com/media/a27d24_24e45af4181c410eb60ee5a72446d04d~mv2.jpg
waveydynamicsxstc	https://static.wixstatic.com/media/67d9bf_777e0e350bed4f0bbc8d24955c01bb0f~mv2.png
black-representation-in-motorsport	https://static.wixstatic.com/media/a27d24_c65c91d8f1444e85b63653968d688a77~mv2.jpg
biomimetics	https://static.wixstatic.com/media/67d9bf_560a813fadcf46b69a72ed398f620595~mv2.jpg
biomimetics	https://static.wixstatic.com/media/67d9bf_b443506991844db0b87a8f53d87b7667~mv2.jpg
_sore	https://static.wixstatic.com/media/67d9bf_9da6c086c3154ee68b3ce07792c17c54~mv2.jpg
longtails	https://static.wixstatic.com/media/67d9bf_ec2294b04e42495b98d753ca7348e83d~mv2.jpg
longtails	https://static.wixstatic.com/media/67d9bf_8d0b917d3f4a4894809bb4fdb6d01f2b~mv2.png
longtails	https://static.wixstatic.com/media/67d9bf_f0530644dfe74fd3a3b251accfde2e68~mv2.png
longtails	https://static.wixstatic.com/media/67d9bf_24c454cec48441c7973ae3eb668ee3f6~mv2.png
bugatti-bolide-an-engineers-take	https://static.wixstatic.com/media/67d9bf_8ed45a2763544d439277f0450cf6858c~mv2.jpg
bugatti-bolide-an-engineers-take	https://static.wixstatic.com/media/67d9bf_c28a7284b454412da1e70225b413ba50~mv2.jpg
bugatti-bolide-an-engineers-take	https://static.wixstatic.com/media/67d9bf_9a32f7d5f160474ebeb069ac3019eaf8~mv2.jpg
bugatti-bolide-an-engineers-take	https://static.wixstatic.com/media/67d9bf_0d340f697249422a80e092d48e84d852~mv2.jpg
bugatti-bolide-an-engineers-take	https://static.wixstatic.com/media/67d9bf_8112a505213344a7b190d0a92a4d153e~mv2.jpg
bugatti-bolide-an-engineers-take	https://video.wixstatic.com/video/67d9bf_7d803ec6eafc487eb623d1f2eb29dc51/1080p/mp4/file.mp4
bugatti-bolide-an-engineers-take	https://static.wixstatic.com/media/67d9bf_5ba2bb3ab2354129b3f64f78a6fdacb2~mv2.png
diffusers	https://static.wixstatic.com/media/67d9bf_dc3c20aa48a8411daf1dfb5ffdbfa310~mv2.jpg
diffusers	https://static.wixstatic.com/media/67d9bf_c414b1926317481fa26732cc287f90b3~mv2.jpg
diffusers	https://static.wixstatic.com/media/67d9bf_4fc994e330174c729ba8f9b24e22b260~mv2.png
diffusers	https://static.wixstatic.com/media/67d9bf_bae24713b3a542cea7e4adfa9305c15a~mv2.png
diffusers	https://static.wixstatic.com/media/67d9bf_c7252c4f4f7642479d6021d591ac826b~mv2.png
diffusers	https://static.wixstatic.com/media/67d9bf_82c38c877f0248be991269a1a57021ea~mv2.jpg
diffusers	https://static.wixstatic.com/media/67d9bf_dc448576bec84b4f8a9618ba4cebce02~mv2.png
diffusers	https://static.wixstatic.com/media/67d9bf_33890bccf74b489ba49e42fcefa8c281~mv2.png
diffusers	https://static.wixstatic.com/media/67d9bf_e14b73c5f8c24ed8b93beff0a4e4511d~mv2.png
diffusers	https://static.wixstatic.com/media/67d9bf_0b1244079f7940129abb86e8f7437f76~mv2.png
diffusers	https://static.wixstatic.com/media/67d9bf_6ede1be62c114be7953e0673a71cf4fd~mv2.png
diffusers	https://static.wixstatic.com/media/67d9bf_3d90f0556b114c41ae9bf41a4fb669a0~mv2.png
diffusers	https://static.wixstatic.com/media/67d9bf_1d68e379ec0c497c8b359dae97457afa~mv2.png
diffusers	https://static.wixstatic.com/media/67d9bf_ef00e578b57e4ed69f0883f291911d9f~mv2.png
diffusers	https://static.wixstatic.com/media/67d9bf_0148adacfbab4cd7bea73e96135173a8~mv2.png
diffusers	https://static.wixstatic.com/media/67d9bf_d53ed8e735b4419f8618f6c85999167e~mv2.png
__mft	https://static.wixstatic.com/media/67d9bf_ead5a5fd6ed64c41a5488d9518c4eafd~mv2.jpeg
tyres-balance	https://static.wixstatic.com/media/67d9bf_5e0b33f830da4fc49525fc949b2c383e~mv2.jpg
tyres-balance	https://static.wixstatic.com/media/67d9bf_9348c588c5ec4b269a82bc8fc0498c4d~mv2.png
tyres-balance	https://static.wixstatic.com/media/67d9bf_a1014d81a164466788fb966bea853e45~mv2.png
tyres-balance	https://static.wixstatic.com/media/67d9bf_e2ea51c4584247458a6e159dbf957508~mv2.png
tyres-balance	https://static.wixstatic.com/media/67d9bf_979b3e27b8c14b1c8f142a238ad2bb6f~mv2.jpg
tyres-balance	https://static.wixstatic.com/media/67d9bf_172af7b4637445a48551061d383ba40b~mv2.png
tyres-balance	https://static.wixstatic.com/media/67d9bf_d902c4c1e8cd449098867cd3527348b2~mv2.png
tyres-balance	https://static.wixstatic.com/media/67d9bf_40165362e61c49768d1aacd2e5202487~mv2.png
tyres-balance	https://static.wixstatic.com/media/67d9bf_89f62da4d7d0467d823ee7874039986c~mv2.jpg
continuing-the-charge-for-diversity	https://static.wixstatic.com/media/67d9bf_fd95da0daabe47abb9451f6d25329cb7~mv2.jpg
diffusers-pt2	https://static.wixstatic.com/media/67d9bf_0f283b94ed4549be9182deca738be8a5~mv2.png
diffusers-pt2	https://static.wixstatic.com/media/67d9bf_14ceec0efca9417bafac05fe03c5aa81~mv2.png
diffusers-pt2	https://static.wixstatic.com/media/67d9bf_f736a39aa6db444d83303a4dd6c1837b~mv2.png
diffusers-pt2	https://static.wixstatic.com/media/67d9bf_2399982a0d0e432c872e5a2c3123efb8~mv2.png
diffusers-pt2	https://static.wixstatic.com/media/67d9bf_8657f117632548f08e6a0dd8c9a1eef5~mv2.png
diffusers-pt2	https://static.wixstatic.com/media/67d9bf_ead271c948ed4fcdb1d6af4e7a4bc292~mv2.png
diffusers-pt2	https://static.wixstatic.com/media/67d9bf_d11dc9c2d93046da88c7573cdfc51e85~mv2.png
diffusers-pt2	https://static.wixstatic.com/media/67d9bf_cdacaddbc6954c96b8079cf7429db379~mv2.jpg
diffusers-pt2	https://static.wixstatic.com/media/67d9bf_d314fd6e9e6d442493f1386d5a4dd58c~mv2.png
diffusers-pt2	https://static.wixstatic.com/media/67d9bf_615a1e02426244c8a0cb82d5a9f781ed~mv2.png
diffusers-pt2	https://static.wixstatic.com/media/67d9bf_6f54cdeadfd2406c83f074b106cf165d~mv2.png
diffusers-pt2	https://static.wixstatic.com/media/67d9bf_e5b8d45e7d8840389a8b7467745ae121~mv2.png
diffusers-pt2	https://static.wixstatic.com/media/67d9bf_f32c358cf263458c859b117d2333d6b4~mv2.png
diffusers-pt2	https://static.wixstatic.com/media/67d9bf_0ac37a7b4ba74282aaecdc82ee1c2076~mv2.png
diffusers-pt2	https://static.wixstatic.com/media/67d9bf_728efd5705b84ea58e44eee872a8ce26~mv2.png
reimagining-motorsport	https://static.wixstatic.com/media/67d9bf_2f9aa74020e5489bb464856b49c9113d~mv2.jpg
reimagining-motorsport	https://static.wixstatic.com/media/67d9bf_ce196a98880744168ac4467f13a826d9~mv2.jpeg
reimagining-motorsport	https://static.wixstatic.com/media/67d9bf_ccbe96d7add548d1a7d4c1c55fb768a6~mv2.png
reimagining-motorsport	https://www.youtube.com/watch?v=pGnvq-GkK2c
weight-transfer-rc	https://static.wixstatic.com/media/67d9bf_cc0acd9d5f4d43538db1e0e259a5e150~mv2.jpg
weight-transfer-rc	https://static.wixstatic.com/media/67d9bf_3d535598b1cb46f18e50adb4b85d8669~mv2.png
weight-transfer-rc	https://static.wixstatic.com/media/67d9bf_5408b533cf504793892ffca7900b0d03~mv2.jpg
weight-transfer-rc	https://static.wixstatic.com/media/67d9bf_19b7cb44ead64b4dab5a3694bb9d5a71~mv2.jpg
weight-transfer-rc	https://static.wixstatic.com/media/67d9bf_ad32504220514fd082b46b98e2b25a53~mv2.png
weight-transfer-rc	https://static.wixstatic.com/media/67d9bf_818d124df662454e9d2c69769e239d09~mv2.jpg
weight-transfer-rc	https://static.wixstatic.com/media/67d9bf_91f36f1341c643a2bdf0a072da984165~mv2.png
weight-transfer-rc	https://static.wixstatic.com/media/67d9bf_cc2eb666fc994dc0b36f8533845da8cd~mv2.jpg
weight-transfer-rc	https://static.wixstatic.com/media/67d9bf_82b90c8820614ae996965fba8d541e31~mv2.png
weight-transfer-rc	https://static.wixstatic.com/media/67d9bf_25dd955fc4c145dd8384d1c692afbaf5~mv2.png
weight-transfer-rc	https://static.wixstatic.com/media/67d9bf_e4dda113391d4fb5b47e795e7dcbd3d4~mv2.png
weight-transfer-rc	https://static.wixstatic.com/media/67d9bf_9395eba754234016876ec6061261ce86~mv2.jpg
weight-transfer-rc	https://static.wixstatic.com/media/67d9bf_2a20ed29d8234c2a91a51f0a16bd4cfa~mv2.png
rising-rate-suspension	https://static.wixstatic.com/media/67d9bf_ef95d23fc323415db7680c867d5e7c06~mv2.png
rising-rate-suspension	https://static.wixstatic.com/media/67d9bf_9726c9abe37742e4afa46d91c07f790e~mv2.jpg
rising-rate-suspension	https://static.wixstatic.com/media/67d9bf_cca9fa783e2044ecb77720016a3649da~mv2.jpg
rising-rate-suspension	https://static.wixstatic.com/media/67d9bf_47ee1cec0d244d0f82c14aaf63673e8c~mv2.png
rising-rate-suspension	https://static.wixstatic.com/media/67d9bf_51a64b936a7a497f8f536982feb43f04~mv2.jpg
rising-rate-suspension	https://static.wixstatic.com/media/67d9bf_16c8c6e225604a4c97fe0c83194d3f82~mv2.png
rising-rate-suspension	https://static.wixstatic.com/media/67d9bf_f46f0e7773e2442f9d56a569df86cabf~mv2.png
rising-rate-suspension	https://static.wixstatic.com/media/67d9bf_253c2f9791d94b679aec06dad3c1dd6d~mv2.png
rising-rate-suspension	https://static.wixstatic.com/media/67d9bf_a73646d1c0bc4e65a4bc04f2ebc3daf3~mv2.png
rising-rate-suspension	https://static.wixstatic.com/media/67d9bf_62830f312a544cc48f8f953e871296b3~mv2.png
rising-rate-suspension	https://static.wixstatic.com/media/67d9bf_68a1e98279674bf5891bdf1c2a5d2cc3~mv2.png
rising-rate-suspension	https://static.wixstatic.com/media/67d9bf_bb52ad5ce591466b903e50121ac3a7ee~mv2.png
rising-rate-suspension	https://static.wixstatic.com/media/67d9bf_a3e7fbd529794ef19bd318bfc6ae66ae~mv2.png
rising-rate-suspension	https://static.wixstatic.com/media/67d9bf_a2069f4c4c7f4061946a4bd4d2136404~mv2.png
rising-rate-suspension	https://static.wixstatic.com/media/67d9bf_85e4d0650d8f4895ab1e986104f6ac1f~mv2.png
rising-rate-suspension	https://static.wixstatic.com/media/67d9bf_029d493638a941b3816b4754e652d252~mv2.png
rising-rate-suspension	https://static.wixstatic.com/media/67d9bf_01916619d4d94be3a0a2ff3e1f343dbb~mv2.png
rising-rate-suspension	https://static.wixstatic.com/media/67d9bf_c0f663ae82c64e4bbc186fbf4497ffec~mv2.png
rising-rate-suspension	https://static.wixstatic.com/media/67d9bf_6f6747646b7345f1bcd773e36d3e35ef~mv2.png
rising-rate-suspension	https://static.wixstatic.com/media/67d9bf_2b991a398305413f8eb986d2ffedbbb6~mv2.png
rising-rate-suspension	https://static.wixstatic.com/media/67d9bf_a88ffe5f4ba24d5e97c1fc070dd40fbb~mv2.png
rising-rate-suspension	https://static.wixstatic.com/media/67d9bf_84ce3a7c6210415ba6727de833083b79~mv2.png
rising-rate-suspension	https://static.wixstatic.com/media/67d9bf_8f591b5b0d1f4af0a4f2d1e86f246d82~mv2.png
rising-rate-suspension	https://static.wixstatic.com/media/67d9bf_52f965d7fd4042878bc494fe43e3ae43~mv2.png
rising-rate-suspension	https://static.wixstatic.com/media/67d9bf_a652398d3a87474f9952dc27ed50f6f4~mv2.jpeg
rising-rate-suspension	https://static.wixstatic.com/media/67d9bf_a242610461684ff9acb501ad2c5c31af~mv2.jpeg
rising-rate-suspension	https://static.wixstatic.com/media/67d9bf_1347d79a37ac41b0bc2187e4e637ebee~mv2.jpeg
news-the-hamilton-commission-report	https://static.wixstatic.com/media/67d9bf_0550796130c045d3ba1c3950ba158172~mv2.png
rce-online	https://static.wixstatic.com/media/67d9bf_f4dfba70c4f84193bda7ccf5304971c7~mv2.jpeg
rce-online	https://static.wixstatic.com/media/67d9bf_ae070c3df0384194b658cc2b57bcbec9~mv2.jpg
wavey-dynamics-and-megaride-partner-up-to-break-barriers-around-f1-technology	https://static.wixstatic.com/media/67d9bf_67e3d91257d64dbeb1bfe1a625d9feab~mv2.jpg
tyre-science-breaking-barriers-around-f1-technology	https://static.wixstatic.com/media/67d9bf_f89f1803d11a4ad1b3f62dc847d2aa88~mv2.jpeg
tyre-science-breaking-barriers-around-f1-technology	https://static.wixstatic.com/media/67d9bf_594099e3efba496f994e248928dda675~mv2.png
tyre-science-breaking-barriers-around-f1-technology	https://static.wixstatic.com/media/67d9bf_9ab14ba2e93f4601a5fc07fe4db3b87a~mv2.png
tyre-science-breaking-barriers-around-f1-technology	https://static.wixstatic.com/media/67d9bf_2843131bf60044c08a83c9e4bc1ef129~mv2.png
tyre-science-breaking-barriers-around-f1-technology	https://static.wixstatic.com/media/67d9bf_386594b494d340acaee6868b8e024eb3~mv2.png
tyre-science-breaking-barriers-around-f1-technology	https://static.wixstatic.com/media/67d9bf_9fd07d5b484f45b198a2c74092f0eb5c~mv2.png
tyre-science-breaking-barriers-around-f1-technology	https://static.wixstatic.com/media/67d9bf_527842f96514448e9ea280a3c5f10fd6~mv2.png
tyre-science-breaking-barriers-around-f1-technology	https://static.wixstatic.com/media/67d9bf_ff3dda76a5dd44668d731912169d654a~mv2.jpg
tyre-science-breaking-barriers-around-f1-technology	https://static.wixstatic.com/media/67d9bf_3f1c340368f54836abf065d32c3ef477~mv2.png
tyre-science-breaking-barriers-around-f1-technology	https://static.wixstatic.com/media/67d9bf_3080cb72b49242c6982df5f0371c7c03~mv2.png
tyre-science-breaking-barriers-around-f1-technology	https://static.wixstatic.com/media/67d9bf_75780c93cc7245d6a53a39b13131636b~mv2.png
tyre-science-breaking-barriers-around-f1-technology	https://static.wixstatic.com/media/67d9bf_1c83cf2429704f43be1abc8b76d11db4~mv2.png
tyre-science-breaking-barriers-around-f1-technology	https://static.wixstatic.com/media/67d9bf_c2ab3386ffaa46f2a8801c939448715e~mv2.png
tyre-science-breaking-barriers-around-f1-technology	https://static.wixstatic.com/media/67d9bf_0b737e69e72e4e03a9bb7afada6c4329~mv2.png
tyre-science-breaking-barriers-around-f1-technology	https://static.wixstatic.com/media/67d9bf_fe9dc6a6c1584f8c900d76a5c2b15442~mv2.jpg
wavey-dynamics-concierge	https://static.wixstatic.com/media/67d9bf_4d531c2ddc714b688d4f55a7c25f2579~mv2.png
wavey-dynamics-concierge	https://static.wixstatic.com/media/67d9bf_f67a2e1c8abe44d9aa3ccd6c0e76b426~mv2.jpg
anti-geometry	https://static.wixstatic.com/media/67d9bf_105bab2f530848cf8045d8dacd3066f9~mv2.jpg
anti-geometry	https://static.wixstatic.com/media/67d9bf_7bdb0d4aa70947c1bfeaf9a28261b712~mv2.jpg
anti-geometry	https://static.wixstatic.com/media/67d9bf_fbceb05453da4ebabc04049cc9b10ddb~mv2.jpg
anti-geometry	https://static.wixstatic.com/media/67d9bf_92e7abb3df224ac7970668ac387c4d7a~mv2.png
anti-geometry	https://static.wixstatic.com/media/67d9bf_e8eac0d59b24446f80763f14155802bb~mv2.jpg
anti-geometry	https://static.wixstatic.com/media/67d9bf_9f1d50a556d042338fed6f6ec8e2ef1b~mv2.png
anti-geometry	https://static.wixstatic.com/media/67d9bf_c3b475229ebe428189c0bbee2e743804~mv2.png
anti-geometry	https://static.wixstatic.com/media/67d9bf_8c4fc32ab6f446f3bd9af49a8188a62e~mv2.png
anti-geometry	https://static.wixstatic.com/media/67d9bf_1187b4fe7ca344cabeda07a748da94ef~mv2.png
anti-geometry	https://static.wixstatic.com/media/67d9bf_2e262bab4de54d108501550bcd6707f6~mv2.png
anti-geometry	https://static.wixstatic.com/media/67d9bf_b90fd37d971b4f23b825c9fffc1f03eb~mv2.png
anti-geometry	https://static.wixstatic.com/media/67d9bf_517766e1da044eb3a30ad2ab0e67f6c7~mv2.png
anti-geometry	https://static.wixstatic.com/media/67d9bf_096568b585e14d869653c8a62a329a05~mv2.png
anti-geometry	https://static.wixstatic.com/media/67d9bf_bae6c226a9a3488483c8a305f9a2adc1~mv2.png
anti-geometry	https://static.wixstatic.com/media/67d9bf_9156251c44564c358e9cc96acbe962f2~mv2.jpg
anti-geometry	https://static.wixstatic.com/media/67d9bf_38a9aa5fa6bd41d9a892d7938f57a657~mv2.jpeg
british-gp	https://static.wixstatic.com/media/67d9bf_9d32dfb03b764fa2b88241f9ecdd908a~mv2.jpg
british-gp	https://static.wixstatic.com/media/67d9bf_7779e31dc10844b385c8fb86cae47087~mv2.jpg
a-kiwi-story	https://static.wixstatic.com/media/67d9bf_0a45c7e7d80c4d76a1f8334da4d81135~mv2.jpeg
a-kiwi-story	https://static.wixstatic.com/media/67d9bf_feda00af23024e56b4982d159c7bc858~mv2.jpg
a-kiwi-story	https://static.wixstatic.com/media/67d9bf_ff57d8eb27784060813bd4b9908bcf52~mv2.jpg
a-kiwi-story	https://video.wixstatic.com/video/67d9bf_4f86723fd8854f4f8424f642e76c41e8/1080p/mp4/file.mp4
a-kiwi-story	https://static.wixstatic.com/media/67d9bf_30e37d743b1948329cdcacec8651509f~mv2.jpeg
wavey-dynamics-x-mclaren-auto	https://static.wixstatic.com/media/67d9bf_2c34a273829849dc88e7a873be6ab3bd~mv2.jpg
daytona24	https://static.wixstatic.com/media/67d9bf_28766cf07fa14f78ad3447830207dae9~mv2.jpg
daytona24	https://static.wixstatic.com/media/67d9bf_4b89d74355a54a07a619bc8d64df7b3d~mv2.jpg
daytona24	https://static.wixstatic.com/media/67d9bf_035e359202a5490eb3cced0eaa651362~mv2.jpg
daytona24	https://video.wixstatic.com/video/67d9bf_690fb0ccd36943e994101165b906e710/1080p/mp4/file.mp4
research-pilot	https://static.wixstatic.com/media/67d9bf_0b220a6c8b2c4c9ab72de0a0f394a111~mv2.jpg
research-pilot	https://youtu.be/xkSp2DZLkg4
racecar-performance-development	https://static.wixstatic.com/media/67d9bf_84120d0a21544544b1789c91e93f4ffe~mv2.jpg
racecar-performance-development	https://static.wixstatic.com/media/67d9bf_8225d9434f01460eb3e0f39d41245277~mv2.jpg
racecar-performance-development	https://static.wixstatic.com/media/67d9bf_fb27a8c467f2406fa74a48fe1199e5c8~mv2.png
racecar-performance-development	https://static.wixstatic.com/media/67d9bf_326ee30c4db0427dab0b39fb50257570~mv2.jpg
racecar-performance-development	https://static.wixstatic.com/media/67d9bf_cea08f7db1fa403b92eadd3aa4d5d72c~mv2.jpg
racecar-performance-development	https://static.wixstatic.com/media/67d9bf_99d7b1fd034b4cec912679ec438f420e~mv2.jpg
racecar-performance-development	https://youtu.be/J1ME7DTtkOk
performance-engineering-tyre-management	https://static.wixstatic.com/media/67d9bf_8e2ac5f373394db6a1956c6cba4ca2ef~mv2.jpg
performance-engineering-tyre-management	https://static.wixstatic.com/media/67d9bf_7eff34a69f7f41448b36c28f9234d8a0~mv2.jpg
performance-engineering-tyre-management	https://static.wixstatic.com/media/67d9bf_1bcb4bd7be5644ccbacace5cdfb051d0~mv2.png
performance-engineering-tyre-management	https://static.wixstatic.com/media/67d9bf_91f215835da142c49bd5c36b72959819~mv2.png
performance-engineering-tyre-management	https://static.wixstatic.com/media/67d9bf_fbadec581b47458ca117b7cb47b7ea62~mv2.jpg
performance-engineering-tyre-management	https://static.wixstatic.com/media/67d9bf_d4c7a301210442a29cf96a28b1a374c4~mv2.jpg
performance-engineering-tyre-management	https://static.wixstatic.com/media/67d9bf_ae9628eeef014cddada04fd9cdbfc814~mv2.jpg
performance-engineering-tyre-management	https://static.wixstatic.com/media/67d9bf_8fd0eef701da40b3a729089a839c9da4~mv2.png
performance-engineering-tyre-management	https://static.wixstatic.com/media/67d9bf_2dcd3ce22057452b8164bbc64eb1032c~mv2.jpg
performance-engineering-tyre-management	https://static.wixstatic.com/media/67d9bf_5ccb45a23f2f4a9a9945a6e91a92caa5~mv2.jpg
